user_id,first_name, last_name, birthts,img_path
1000,Susan, Lee,612302400000,src-data/1000.jpg
1001,Rosa, Garcia,670626000000,src-data/1001.jpg
1002,Nathan, Emery,697237200000,src-data/1002.jpg
1003,Vernon, Evans,633733200000,src-data/1003.jpg
1004,Maria, Crooks,1051214400000,src-data/1004.jpg
1005,Sharon, Lang,700606800000,src-data/1005.jpg
1006,Rick, Mayfield,412549200000,src-data/1006.jpg
1007,Eddie, Baumbach,874526400000,src-data/1007.jpg
1008,Coletta, Haring,768081600000,src-data/1008.jpg
1009,Margaret, Smith,388612800000,src-data/1009.jpg
1010,James, Martin,879627600000,src-data/1010.jpg
1011,Glen, Martin,636066000000,src-data/1011.jpg
1012,Debbie, Mooney,423086400000,src-data/1012.jpg
1013,Shaneka, Cook,752533200000,src-data/1013.jpg
1014,Kim, Moore,403218000000,src-data/1014.jpg
1015,Lorraine, Bingham,891288000000,src-data/1015.jpg
1016,Betty, Partin,467240400000,src-data/1016.jpg
1017,Lewis, Erickson,642283200000,src-data/1017.jpg
1018,Jenee, Crouse,429566400000,src-data/1018.jpg
1019,Wendy, Jarrette,650145600000,src-data/1019.jpg
1020,Becky, Hanner,883429200000,src-data/1020.jpg
1021,Ray, Nunes,352501200000,src-data/1021.jpg
1022,John, Rose,919630800000,src-data/1022.jpg
1023,Michael, Diaz,630277200000,src-data/1023.jpg
1024,William, Quick,340059600000,src-data/1024.jpg
1025,Dino, Miller,1074805200000,src-data/1025.jpg
1026,James, Henry,954705600000,src-data/1026.jpg
1027,Gregory, Pittman,398894400000,src-data/1027.jpg
1028,Martha, Burwell,503269200000,src-data/1028.jpg
1029,Jimmy, Deane,947365200000,src-data/1029.jpg
1030,Kathleen, Gittens,921272400000,src-data/1030.jpg
1031,Sidney, Woods,865972800000,src-data/1031.jpg
1032,Robert, David,666997200000,src-data/1032.jpg
1033,Jeanne, Shoup,1018468800000,src-data/1033.jpg
1034,Brenda, Croyle,788302800000,src-data/1034.jpg
1035,Adolph, Raymond,955915200000,src-data/1035.jpg
1036,Ellen, Folkers,821394000000,src-data/1036.jpg
1037,Patrick, Newell,853794000000,src-data/1037.jpg
1038,Mary, Roman,750891600000,src-data/1038.jpg
1039,Danielle, Robinson,887230800000,src-data/1039.jpg
1040,Clara, Kimble,765403200000,src-data/1040.jpg
1041,David, Bailey,1062446400000,src-data/1041.jpg
1042,James, Nance,1063051200000,src-data/1042.jpg
1043,John, Ramage,378507600000,src-data/1043.jpg
1044,Christopher, Hardin,785883600000,src-data/1044.jpg
1045,Suzanne, Ferguson,812581200000,src-data/1045.jpg
1046,Margaret, Diaz,942872400000,src-data/1046.jpg
1047,Kenneth, Osborn,793918800000,src-data/1047.jpg
1048,Larry, Sanchez,1068930000000,src-data/1048.jpg
1049,Brian, Brown,814050000000,src-data/1049.jpg
1050,Warren, Green,443048400000,src-data/1050.jpg
1051,Janet, Chavarria,1087588800000,src-data/1051.jpg
1052,Carolyn, Seymore,385851600000,src-data/1052.jpg
1053,Dorothy, Massey,356990400000,src-data/1053.jpg
1054,Melissa, Denny,482011200000,src-data/1054.jpg
1055,Jaclyn, Adams,614635200000,src-data/1055.jpg
1056,Frances, Visher,906580800000,src-data/1056.jpg
1057,Chad, Miller,971208000000,src-data/1057.jpg
1058,Olivia, Stout,690674400000,src-data/1058.jpg
1059,Wallace, Miller,821134800000,src-data/1059.jpg
1060,Judith, Hatchett,925070400000,src-data/1060.jpg
1061,Madelyn, Oliver,936907200000,src-data/1061.jpg
1062,Robert, Kirk,506552400000,src-data/1062.jpg
1063,Stephanie, Nelson,476571600000,src-data/1063.jpg
1064,Barbara, Blankenship,655506000000,src-data/1064.jpg
1065,Matthew, Bloom,531176400000,src-data/1065.jpg
1066,Jeffrey, Mcdonald,686091600000,src-data/1066.jpg
1067,Joseph, Carter,1081713600000,src-data/1067.jpg
1068,Eloy, Florentino,848005200000,src-data/1068.jpg
1069,David, Myles,432676800000,src-data/1069.jpg
1070,Elizabeth, Hoover,334702800000,src-data/1070.jpg
1071,Jerome, Weaver,1008795600000,src-data/1071.jpg
1072,Morris, Hall,407019600000,src-data/1072.jpg
1073,Myrtle, Ferro,840830400000,src-data/1073.jpg
1074,Gisela, Patterson,464990400000,src-data/1074.jpg
1075,Stacey, Bishop,493848000000,src-data/1075.jpg
1076,Ray, Goins,933451200000,src-data/1076.jpg
1077,Blake, Dickerson,508107600000,src-data/1077.jpg
1078,David, May,601074000000,src-data/1078.jpg
1079,Cindy, Wilcox,1021060800000,src-data/1079.jpg
1080,Mary, Nelson,518644800000,src-data/1080.jpg
1081,Amy, Smith,785710800000,src-data/1081.jpg
1082,Joseph, Denton,463089600000,src-data/1082.jpg
1083,Keith, Wiggin,461707200000,src-data/1083.jpg
1084,Jody, Hochmuth,752446800000,src-data/1084.jpg
1085,Beverly, Livesey,739224000000,src-data/1085.jpg
1086,Nicole, Pharr,884552400000,src-data/1086.jpg
1087,Aaron, Fox,1090094400000,src-data/1087.jpg
1088,Rachel, Robinson,528148800000,src-data/1088.jpg
1089,Leah, Costales,1072472400000,src-data/1089.jpg
1090,Thomas, Williams,946501200000,src-data/1090.jpg
1091,Opal, Morse,463780800000,src-data/1091.jpg
1092,Alan, Mcgraw,469054800000,src-data/1092.jpg
1093,Aaron, Towe,877809600000,src-data/1093.jpg
1094,Cecil, Struck,416437200000,src-data/1094.jpg
1095,Corey, Davis,1054411200000,src-data/1095.jpg
1096,James, Peacock,503442000000,src-data/1096.jpg
1097,John, Bausch,1013029200000,src-data/1097.jpg
1098,Maria, Horton,702504000000,src-data/1098.jpg
1099,Samuel, Ladner,815259600000,src-data/1099.jpg
